workerid,anon_workerid
AIWSB4YTN32GF,0
A3388HIWAKD3DV,1
A1GKD3NG1NNHRP,2
A8028AFBBS29G,3
A36GTTPW17HUL1,4
A1CIIX0CB0GR7H,5
A1LRJ4U04532TM,6
A2615YW1YERQBO,7
A3PIUNG7VXQWTR,8
AUCHGHY1IKZZK,9
A2JPZQRV4R14O9,10
A3QRZPJT2CT2IK,11
AD14EQ9O9JKRI,12
A2JDYN6QM8M5UN,13
A1VR1XQEQQXYUE,14
A1EP3XESXAG0EP,15
AQCRAZMX81FPM,16
A2FGKKWP33DFWS,17
A32JEH06T23HDF,18
AK4WZEW584BR9,19
AKZ8SFOAI4RZN,20
AJXIC6Q5EM76P,21
A1VB3MHF6YCDHJ,22
A2XQ3CFB5HT2ZQ,23
A1TLNLB9D87H6,24
AOFDUROJ8XRZT,25
A2ONILC0LZKG6Y,26
A2C73Y1COWCA51,27
A2CFE6AZS73RNS,28
AXKVHJHF1EOVT,29
A147F5PJTHOB8A,30
A3NM5SP9NZ9BOJ,31
A248QG4DPULP46,32
A37S96RT1P1IT2,33
A1T0S48O0CMXBC,34
A8UY8LQZCVL7K,35
A24B5UF6RMHYGX,36
A2ASTDMWBCFIP0,37
A1P2RQ166VS5BT,38
A3G5IPGLH1IIZN,39
A2UO3QJZNC2VOE,40
APGX2WZ59OWDN,41
A2JH4QBXGHJ47M,42
A254R700WJ37YA,43
A3GIIL73GE2CBQ,44
A2XCEMBRPHIWEG,45
A3RJK6ZDXHN0IG,46
A222R4PNCF08OF,47
A320QA9HJFUOZO,48
ACJ6NSCIWMUZI,49
A2OFWHV8IP7HK,50
ATTGYYVWOI5QC,51
A1RV2LERVS0A4H,52
A3QSFE6GKO157S,53
A1O5IL3N3G3WIL,54
A1OWHPMKE7YAGL,55
AFN5VMMGYPF1I,56
A2LAMCJLVCRQ4T,57
A3IDAO8T75VO3Z,58
AIHHRINW9IN1I,59
A1ZI4VU6650Q8B,60
A1OPGPTQJ48XOY,61
A9LSEP71DNP4O,62
A15EF7P9VE9KDO,63
A3EQO5ZIDBTSVK,64
ARWN6TT8EWCFJ,65
AMPMTF5IAAMK8,66
AJM4334V07JDQ,67
A1IQUHRI7G63YF,68
A1LA6CIGBNDOH9,69
A22BBAU24IEHPL,70
AFU00NU09CFXE,71
A2YCMT5BPA0AG9,72
A6X1DYS5VCIL6,73
AIQ1I6ODSIO56,74
A2VLTSW6CXIUMR,75
A2MUCL20GTQJA0,76
ANZKTE853UXSD,77
A3VENK02U0X16N,78
A27W025UEXS1G0,79
A2NQ0I7IYH7FI9,80
A2541C8MY0BYV3,81
A2XKVWHXJV0HWZ,82
A1O8D22H0D03W1,83
A3BI0AX5T5GVO3,84
A2MWAXV1YRK5GH,85
A311A0TCGNTFKK,86
A2CY1TSQ3KKP5Q,87
AZXRWSMDC8FJN,88
A2LPP288NK76W4,89
A3HZFB2JLF3JMY,90
A3MXI2O3JZ0TZH,91
A2VNSNAN1LZBAM,92
A2Z7SWO6HS5OOI,93
A12ABRH7TAD6ZJ,94
A2O5OJXCUFQ3FV,95
A1BVG13MHBM1YD,96
A1F34ZP6YNI98F,97
AWXIEV9H6KT9E,98
A2L3X4ZZ0J2DZ2,99
A2P065E9CYMYJL,100
AFDC9A6Z60W2Z,101
A1NSHNH3MNFRGW,102
AFM65NU0UXIGP,103
A3HN4CIWMVWYVF,104
A34DYM8J0X5VK,105
A2ZA3X3DBEMBCD,106
A2BVVFXMQU8AC7,107
A1F1BIPJR11LSR,108
A1VTHRX63UX8YC,109
AV22FQTJNBUZT,110
A1JJYY622DGE5L,111
A30HUZHJBOX1LK,112
A370MPTHYDCDKX,113
A3R168GJZRF7KU,114
A26ST4UX73VPLW,115
AS85HYEZQONS6,116
A1OIHI9UX426J6,117
A3L0DCUXI7X3A9,118
A1N8BW04V76ZSY,119
A2AM62BHO8G9MB,120
A2EA2PN47ZWILX,121
A3TPW4JUUJDUFI,122
A29VL3MZE7YPBZ,123
A3ADVMXAYYYPD2,124
A39VVWV1GHLMFD,125
A3N0QZ9ZKUCTCQ,126
A3D2U4QF7821ZW,127
A1D9ZWU1M46SAF,128
AQXRHIMQ7UK7O,129
A17K1CHOI773VZ,130
A7P3R1AIA4TVV,131
A2UYZFH5VT5R3H,132
AAASQIW3J32OL,133
A1QVNF19XSRSD7,134
A3QSJY1FFN0N6V,135
AKTWA4NBCUQMV,136
AXMPSUNKUBEIL,137
A1CMWA0L8FTSXA,138
ANDJGNGFCS66G,139
A3LL096CAY5WHB,140
A28T38MOUG43YD,141
A183WYXN12P2TJ,142
A3908297ZI3LES,143
A83OLM1ZQC083,144
AV7UX8QQXABSK,145
AD21ES5UMD77U,146
A2WJ1KQW2UBTG6,147
AKNV05F5X5YAC,148
A3CRUP15LA6ZB,149
A1SLJZ7IB6BC1J,150
A30AMVMR8CFHU0,151
A2OVWCQ4B9AHFY,152
AVPKE76DJLWK6,153
A1Z1O6MMOB3UWW,154
A110ICG2VQUGXS,155
A110KENBXU7SUJ,156
A1V2H0UF94ATWY,157
A3EPYIKGXR7314,158
A3VZ5K4RRT6NN8,159
A2R0YYUAWNT7UD,160
AC6Y70F8YSHJN,161
A2N9U74YIPDQ9F,162
A2DNLHS1RSTF5R,163
A2P8V5SKYLL5I4,164
A1USR9JCAMDGM3,165
A1969Q0R4Y0E3J,166
A90G0G4SJ26BM,167
A212OY08MFDGU3,168
A2MBONFYCEPP8K,169
A23QZ2H4FC58NO,170
A2RCRLIJZ6J8R7,171
A1M24593XO5Z3C,172
A2QCHFSNUU7Y1F,173
A3LT7W355XOAKF,174
A1AS4S7BOJPOEY,175
A3CGQOJC28OVGN,176
A25NZKEWQAGAXS,177
A1SLJKNSNHOJRN,178
A1CH3TODZNQCES,179
A3180VXVP8MOIH,180
A3B7TNVOISSZ2O,181
A16Z9FSSF1X74O,182
A1PR74OHURJNTO,183
A37GUFW4K6A1C8,184
AC3W6TPL0I3AY,185
A74PT3GRDMEZ,186
A2MCG5W6LHSRG9,187
A2SGICJH9F28RP,188
A2JP9IKRHNLRPI,189
A3FYWUZK52IC2J,190
