workerid,anon_workerid
,
A2FC6G4YCZPSRG,0
,
A1LB8HVSXK66U0,1
,
A3CMWYLWMENHLZ,2
,
ATTGYYVWOI5QC,3
,
A31UAZUWH010S0,4
,
A39GADIK8RLMVC,5
,
A3DUL880Y08G95,6
,
A21TM2CB9HS7IM,7
,
A6AB1O0UYB7PI,8
,
A3908297ZI3LES,9
,
A3MWV912LNFD67,10
,
A16Z9FSSF1X74O,11
,
A2APG8MSLJ6G2K,12
,
A90G0G4SJ26BM,13
,
ARCCEMO6PIE44,14
,
A3GK90X2QOFR53,15
,
A30RAYNDOWQ61S,16
,
AWZL0OS5WK2SI,17
,
A3OT28IPFMPCWV,18
,
A1TR615HGENX1M,19
,
A1TBRQBLEJI3O5,20
,
A3FYWUZK52IC2J,21
,
A3RYI5HXC2MJLN,22
,
ACRTRQ23XH20E,23
,
A2N8JRW0CLL9G3,24
,
A1171IQSWQS0K8,25
,
A1EGURYLHYQKD7,26
,
AV7OKGJ2PJO30,27
,
A1V2H0UF94ATWY,28
,
A2XKVWHXJV0HWZ,29
,
A2UQ2471GMCFQ6,30
,
A1F9KLZGHE9DTA,31
,
A28SYXQL3YOKVL,32
,
A1GWCNUPQPA9JR,33
,
A7E8ZIYUG7BVB,34
,
A2OX8TSRCU6NKD,35
,
A34OKMM1CM7ZSR,36
,
A12WMAW1WY2TY1,37
,
A12OZ7P7Z41SJI,38
,
AQSML514QJ4MO,39
,
A1222QAH015PT5,40
,
A8028AFBBS29G,41
,
A26M997VYVK0E6,42
,
AMA18W8F60Y2J,43
,
A3UV5XUM7L23FE,44
,
A82VN0BRUIMNO,45
,
A1P2RQ166VS5BT,46
,
A147F5PJTHOB8A,47
,
A1F63RK1PMJS5Y,48
,
A1VR1XQEQQXYUE,49
,
A2541C8MY0BYV3,50
,
A9LSEP71DNP4O,51
,
A2LMM3Y4MYE97S,52
,
A37GOGQDYDT44K,53
,
A1YV6W4EZP9T4Q,54
,
A2C84POENS2UNY,55
,
A3FAF93BMDJLAL,56
,
A3KF6O09H04SP7,57
,
AKTWA4NBCUQMV,58
,
A3GPTSDDHJ2DBV,59
,
A2EI075XZT9Y2S,60
,
A1QVNF19XSRSD7,61
,
A2UTDZAZV1DF0N,62
,
A2ZHBK2MDL2L51,63
,
A2YOVBJ9EXAI8W,64
,
A134Z0KUOMR8CW,65
,
AQ9Y6WD8O72ZC,66
,
A3R5P4URN7QKU8,67
,
A2MUCL20GTQJA0,68
,
A2CLPLB5VJJBTG,69
,
A189OOQZIULCDV,70
,
A2RBVMD2HTBCZ9,71
,
ACXP8KHFX06KR,72
,
A1TLNLB9D87H6,73
,
A11U9MQRLTBD7S,74
,
A2A6FH0F7LD9ND,75
,
A24ZP6TOKYBSQS,76
,
A18E16UFE351U6,77
,
A2MBONFYCEPP8K,78
,
AREQ43Q0T8ENT,79
,
A1UKZZL7ANOZRZ,80
,
A30HUZHJBOX1LK,81
,
A19TD2J8506A4Y,82
,
A3EOTO3AVNI0TL,83
,
A10GAT1S9UVEYQ,84
,
ANX2BD4TANE02,85
,
A183WYXN12P2TJ,86
,
A19S4W3QLLQJ0T,87
,
A2C73Y1COWCA51,88
,
A2H26V03AYCIYC,89
,
A2XCEMBRPHIWEG,90
,
A1ZB2NY0F9QNP0,91
,
A1IS0218RVG60K,92
,
A2YGOORS5N9RW8,93
,
A258COTB80Y3UZ,94
,
ABV1MQWN9AD3W,95
,
A87D3K9YVKTQ7,96
,
A1QHPTK8NV3IBQ,97
,
A13WTEQ06V3B6D,98
,
A2OFWHV8IP7HK,99
,
AZNIEFUIVB2H0,100
,
A3RQN5RZD1N2KP,101
,
A23KH0CK7RRUGX,102
,
AFMUIMHXWD0TD,103
,
AX4FSIUEE9W8Y,104
,
A3388HIWAKD3DV,105
,
AEQ6KLNVTRKKR,106
,
A30OZZ8V2W0NQA,107
,
A273EH17NSJRH0,108
,
AR1IWBDA7MC86,109
,
ARWN6TT8EWCFJ,110
,
A2FARB7LA24AU8,111
,
A3R168GJZRF7KU,112
,
A1H8IKYOVX8AWA,113
,
A17TJCEPO4BEZ4,114
,
A9ZCY6FLUCIU1,115
,
AFDC9A6Z60W2Z,116
,
A2QD7QFGCUNF5N,117
,
A3R5OJR60C6004,118
,
A19OCD2Q0K2U6M,119
,
A2P8V5SKYLL5I4,120
,
A2GTJ0BD4CG1A2,121
,
A3MYPYBVHX7FQ2,122
,
ANCDBBNNGEQBO,123
,
A1CY7IOJ9YH136,124
,
A1C7XI68SED8JE,125
,
A3N4L5F7CEY0B2,126
,
A2YNWB6RWLLKRO,127
,
AT6OT5K5Z4V0J,128
,
AWPB724OHY99T,129
,
A1D9ZWU1M46SAF,130
,
A2ZDEERVRN5AMC,131
,
A11FFJZ0C984W4,132
,
A64JDJKE9DYCT,133
,
A18G2CLYSTENK,134
,
A2VLTSW6CXIUMR,135
,
A2NXHJ905WLGAA,136
,
A2287HLNN9EZ56,137
,
A1GQ2Q1USIMC63,138
,
A1XKL37QKFITT1,139
,
A2ITJNPW1LDUN7,140
,
A1XCD78DIGGURQ,141
,
A2MX5YW3DSQ61W,142
,
A2MKXI4KCRRI7Y,143
,
A1DZMZTXWOM9MR,144
,
A1K8VUKRL53OX,145
,
A1NDMFN9A5G25G,146
,
A1ATL3G98SFW4V,147
,
A170WD5QOT5KF5,148
,
ANZKTE853UXSD,149
,
A1JVO7FLPATHUB,150
,
A3W1M37EJKYIZI,151
,
A3141EW4WZT4Q0,152
,
ASOL09G60UOJC,153
,
AYOXZN5JZIHDT,154
,
A219Y0MX694TM2,155
,
A3DAJROQC1BLNI,156
,
A2V27A9GZA1NR2,157
,
AWVL6H3C9WL5X,158
,
A13QNZQ6JAI4YJ,159
,
A1JJYY622DGE5L,160
,
AGINYEAR8CC2Y,161
,
A1ZE87WEYCA44A,162
,
A397HP5TSIF2LO,163
,
A1D7YTWPCBQ46Y,164
,
A2RVFMCKSSEHDV,165
,
A3XU8C72O6LCD,166
,
ASI2B6A3Y556Z,167
,
A29SJZ0IEOHGMB,168
,
A122LRCSBAD6DC,169
,
A25D66AC4QUW2U,170
,
A24FN5BK5L9I2S,171
,
AN9MVFWRCF2OP,172
,
A23B8D2WG3R7U7,173
,
A3K00L9I9L92BJ,174
,
A1XBWSV6TWJUU8,175
,
AR32S4ACUHTYG,176
,
A3RJK6ZDXHN0IG,177
,
AQL24433IP0QQ,178
,
A37Q4O126A4RNA,179
,
A2FOUSWQDYHIE0,180
,
A1G34TESSXG1R8,181
,
A1WS9UHL45VZ0X,182
,
A38DHLB88V8DL8,183
,
AAU61MG2R6RH0,184
,
A3RCX3IQ8L6HHW,185
,
A2CJYS92WX7HN6,186
,
A26LOVXF4QZZCO,187
,
A3MAK5EFNKNO62,188
,
A2O7QAQQFQFAOO,189
,
A3B2UA2GLUHL2I,190
,
A1JDU4SNECC7QP,191
,
A309E9ZYRIL8X2,192
,
A1SHLWKA0UH1IS,193
,
A2UYZFH5VT5R3H,194
,
A1IKK576F8WY0N,195
,
A288RSAGJBLY9,196
,
A3A1PMZDFJD218,197
,
A328CL0WG845R,198
,
A35AEGPE73CX8Q,199
,
AQC8WQHV3U67X,200
,
A3I1W58P6SIV26,201
,
A34SUZWGLXIWM8,202
,
AJM4334V07JDQ,203
,
A2ONILC0LZKG6Y,204
,
AA8PZKO9XGCKO,205
,
A1IHSU4V83S0QP,206
,
A1G6F1HWIS2K2K,207
,
A1T0S48O0CMXBC,208
,
A353XKDTUX10NC,209
,
A6V8L0I5Z4XNU,210
,
A1H2E85EW10IO3,211
,
A2LVCS009DMEAT,212
,
A37S96RT1P1IT2,213
,
A3AGU4FBSDDVYS,214
,
A1F1TBDHPYAAXT,215
,
A12HZGOZQD5YK7,216
,
A2N2GFB33ZMYGF,217
,
A3US4NGKXBVI48,218
,
A2ASTDMWBCFIP0,219
,
AKNV05F5X5YAC,220
,
A107RJSS561Y7R,221
,
AKVY81H51JZ6Q,222
,
ACGHHDT7RY1AH,223
,
A2QFZ2524HID2B,224
,
A1ZDR2UN7M92LI,225
,
A2D9ZZDR43R34Q,226
,
A2LZ0TBYJ91GYQ,227
,
AXJ1PE87PD0KK,228
,
A1QX1RYLCFXZJ9,229
,
ARVO22MUH1FUZ,230
,
A3E6HPXTP1ZCV6,231
,
A1Q4ZOXZ0Y7K6I,232
,
A2Q2QWG1NL9BZD,233
,
A1561P9VVA3C1C,234
,
A397QMUM40C4SH,235
,
A2LF84L3K71GR2,236
,
A2XW91EHCZ3T3V,237
,
AG6WV3WODQ7IN,238
,
A1B1Y6OBCA7XTZ,239
,
A3LL096CAY5WHB,240
,
A3CIHH2K57SVR0,241
,
A3VUXBIK8KOVZ6,242
,
AYPOAY43REHC8,243
,
A2PIFMM4Q2I9ZS,244
,
A12DY4HHG6MYF0,245
,
A19KSA10VLXAO,246
,
A18T7E73TNGOKP,247
,
A1KWC8TW8ANBQ8,248
,
A1CUQR0X6P3N3R,249
,
A1LEC9PYYYXM1U,250
,
A1F1OZ54G177D8,251
,
AEWGY34WUIA32,252
,
AWTGJ45ZWUCHH,253
,
A38KAZ6CDLXXDY,254
,
A1L69N4ECWU93U,255
,
A2SD7GN80U31GW,256
,
A6JKKANO7F4KD,257
,
A1Z8AOIDT5IV43,258
,
A1NF1XZTCVRG1V,259
,
A1YZ0ETOCJO1B2,260
,
A15CWWRE6QFKOJ,261
,
AMV1E7FFPVAW4,262
,
A2PBRGT71DUYOY,263
,
A1PTH9KTRO06EG,264
,
ABYFMKPTF0SHG,265
,
A3NGDNN139ED2K,266
,
ACGGIBC0P38HU,267
,
AURYD2FH3FUOQ,268
,
A37Y0IK0CSQ5N0,269
,
A3TUJHF9LW3M8N,270
,
A3D2GO0IFRFN6R,271
,
A37XBH865833FE,272
,
A2XUW21MM3NSSP,273
,
A3CL8WUGLQHRP,274
,
A37IAM67NUO7I4,275
,
A110KENBXU7SUJ,276
,
A17K1CHOI773VZ,277
,
A1DRAA8L5ENVK0,278
,
A1DX0Z20W07YOR,279
,
A2IG8L25SNKXYI,280
,
A3MHKFOJIXO7QN,281
,
A13G80LP9PAUQB,282
,
A2TLN8489YGY81,283
,
A2YA1ZM1V760Q1,284
,
A3C5G8LGIAW0XL,285
,
A1V1JNPU0KOA3X,286
,
A1VXDD6BFF97OF,287
,
AJI76D4U5WGBZ,288
,
A27861Q24LU68U,289
,
A3HFS6Q0TONAB9,290
,
A3EPYIKGXR7314,291
,
A2JH4QBXGHJ47M,292
,
A3HXHY2E6LB741,293
,
A2NG9VG27O9G75,294
,
AR5OCKIP13OP7,295
,
AXMPSUNKUBEIL,296
,
A1YSYI926BBOHW,297
,
A3OW5EFQ5QFD19,298
,
AEQ8K4HBO323D,299
,
A36Z98LFRR041Q,300
,
A3QEVFM3UD67BA,301
,
A3ONCP5E6BD2SO,302
,
A2LU259QPV1I4V,303
,
A15XX0WDRG29E7,304
,
A272X64FOZFYLB,305
,
A2TR5OKDOA2HON,306
,
A2TXC8Q2IFGRXH,307
,
A1ERMRNNR0CZ2Y,308
,
ARLGZWN6W91WD,309
,
A14JWAOOZT4JAF,310
,
A1WUJJCASTMOZ8,311
,
A49A0FF6ZXYDU,312
,
AKVDK30EEV08C,313
,
A32TD8PUVW3UNJ,314
,
ACSS93E03ZUGX,315
,
A1NKBLZ8HK0W7,316
,
A1MQ9B05ZMM4YI,317
,
A120URYFNZAZYW,318
,
A2JTSH1VPJQ8FR,319
,
AGWWUXDX6CI38,320
,
AOWLCXNXCSQAC,321
,
ASQYT0J84ZD8G,322
,
AWY6W20U8H3JA,323
,
A0378987X22N6PHLDRIB,324
,
A1VR49TB3Q4BV8,325
,
A2FN0MPGK61HW,326
,
AVKCPL8XMWX0J,327
,
A21STU4Z97J2Z6,328
,
A25N8DM670K4MA,329
,
A3CTXNQ2GXIQSP,330
,
AFKB7F09OVKV7,331
,
A2A87BDNAB4W1X,332
,
A344DGF4260FOI,333
,
AZC1H5Q3EDLWS,334
,
A2S3SV1LQTKJ8K,335
,
A2FFSM2AD8ME56,336
,
A3UPAXLDS67HKJ,337
,
ADT6AD3LK64AH,338
,
A1ZI4VU6650Q8B,339
,
A259BAVW85T0NT,340
,
A22LZ62E0UC4VL,341
,
A2W3Q8OCO18HEN,342
,
A2LAMCJLVCRQ4T,343
,
A2V4DP31BEVABF,344
,
A2PXJTMWGUE5DC,345
,
A1F67MKWDR6FTV,346
,
AFQ9W6WA8O9EH,347
